Job Index,Easy Apply Job Link,Job Name,Company
1,https://indeed.com/viewjob?jk=3f8e12cedf06e987,Plumbing Assistant,Jordan Family Plumbing
2,https://indeed.com/viewjob?jk=217620974f8c6e1b,Laborer (Foundation Drilling Construction),"Phillips & Jordan, Inc."
3,https://indeed.com/viewjob?jk=a17dc3891497f3c6,SERVICE PLUMBER NEEDED - MIAMI,Kintex Plumbing LLC
4,https://indeed.com/viewjob?jk=1de3a4531b061d43,Construction/Maintenance Worker,Tag Conservation
5,https://indeed.com/viewjob?jk=971bca1adea34809,Coax Splicer,Knight Enterprises
6,https://indeed.com/viewjob?jk=2f5a813f173565ce,Road Construction Foreman,"Saur Construction, Inc."
7,https://indeed.com/viewjob?jk=23bc27dbe84c8e39,HOUSING INSPECTOR,City of Opa Locka
8,https://indeed.com/viewjob?jk=fa69ae87ac12fdd8,Construction Superintendent,"Waypoint Contracting, Inc."
9,https://indeed.com/viewjob?jk=f955db56cf755009,Roofing Subcontractor,Speed of Light Products QT LLC
10,https://indeed.com/viewjob?jk=cb5a821c31f461ea,Construction Inspector (Temporary),SESI Consulting Engineers
11,https://indeed.com/viewjob?jk=4e5ed795377c88e3,Construction Project Manager,"Waypoint Contracting, Inc."
12,https://indeed.com/viewjob?jk=604f4eed1db38c94,General Manager - Miami,Artemis Talent Group
Job Index,Easy Apply Job Link,Job Name,Company
1,https://indeed.com/viewjob?jk=4ec2ee1b52319d57,Plant Maintenance Electrician,Central Concrete Superm
2,https://indeed.com/viewjob?jk=5dd45c568168ee54,Construction Manager - Miami,Stealth Real Estate Company
3,https://indeed.com/viewjob?jk=eba1751b9a67a90b,Commercial Construction Service Technician,Joe Hillman Maintenance
4,https://indeed.com/viewjob?jk=70a324601dfc3edd,Journeyman Lineman,Novinium
5,https://indeed.com/viewjob?jk=dda304f30fdb986f,Architect/Project Manager,JSK Architecture
6,https://indeed.com/viewjob?jk=435fd71a2e2a2e25,Carpinteros/Instaladores/Pintores/Ayudantes,"Impact Precious Wood, inc"
7,https://indeed.com/viewjob?jk=bc00e7ed4deb72fb,Heavy Equipment Technician/Repair - (Regional Travel),"Phillips & Jordan, Inc."
8,https://indeed.com/viewjob?jk=eba484a778a181db,Small Equipment Operator - Miami,Synerfac Technical Staffing
9,https://indeed.com/viewjob?jk=877094e3c3096c61,Staff Engineer (Temporary),SESI Consulting Engineers
10,https://indeed.com/viewjob?jk=4c5812bed7fc95ae,Lead Heavy Equipment Mechanic,Road Service Experts Inc
11,https://indeed.com/viewjob?jk=454978335967fe8d,Structural Engineer,Burke Structural Engineers
12,https://indeed.com/viewjob?jk=05374bd63d491fb8,Journeyman Electrician,Catapult Solutions Group
Job Index,Easy Apply Job Link,Job Name,Company
1,https://indeed.com/viewjob?jk=4c5812bed7fc95ae,Lead Heavy Equipment Mechanic,Road Service Experts Inc
2,https://indeed.com/viewjob?jk=feb6bc4271118399,Experienced Tower Technician,CollabFirst
3,https://indeed.com/viewjob?jk=454978335967fe8d,Structural Engineer,Burke Structural Engineers
4,https://indeed.com/viewjob?jk=e834a6defc76bf31,Carpenter,Precision Millwork Installations
5,https://indeed.com/viewjob?jk=c403ef539e50da35,Construction Safety Director,Frontier Companies
6,https://indeed.com/viewjob?jk=f21bcf08f9ea718c,"Highway Maintenance Technician I and II (FT, Full Benefits,...",Louis Berger Services
7,https://indeed.com/viewjob?jk=f11cb2ae348f6f5a,Project Engineer,Trillas Consulting Engineers
8,https://indeed.com/viewjob?jk=ab3edae8d17a27e3,Wind Turbine Technician,Global Wind Service
9,https://indeed.com/viewjob?jk=1550a51085532710,Painter,Lerner Enterprises
10,https://indeed.com/viewjob?jk=03cf987ebcc98d42,Construction Manager Assistant,ALL IN ONE Employment Services
11,https://indeed.com/viewjob?jk=c019cff423db211d,Plumber,Brickell Place Phase ll Association Inc
12,https://indeed.com/viewjob?jk=2713969d31ba7e87,Construction Project Manager,"Marino Construction Group, Inc."
Job Index,Easy Apply Job Link,Job Name,Company
1,https://indeed.com/viewjob?jk=e1e0acae115fa047,Plumbing Specialist (Overnight),SextantStays.com
2,https://indeed.com/viewjob?jk=07cf47d922ebaa69,Mineral/Diamond Core Driller,Boart Longyear
3,https://indeed.com/viewjob?jk=1386c694a322193d,PTP/PTmP Foreman,t3 Wireless Inc.
4,https://indeed.com/viewjob?jk=443b250b7cb07769,"Project Manager (Miami, FL)",T&G Constructors
5,https://indeed.com/viewjob?jk=f0200dbd02e516a0,Superintendent (Site Manager) - South Florida,T&G Constructors
6,https://indeed.com/viewjob?jk=ff3acb413b0b2490,Renovation Department Manager,All Florida Pool & Spa Center
7,https://indeed.com/viewjob?jk=25656885e809efb0,Building Consultant/Project Foreman (Construction),"YOUNG & Associates, LLC"
8,https://indeed.com/viewjob?jk=87dcf6025b52a983,Lead Painter,The Awning Factory
9,https://indeed.com/viewjob?jk=95d3e6ea104f0160,Laborer,Dade Construction Corp.
10,https://indeed.com/viewjob?jk=a7745a8689388237,MAINTENANCE WORKER,City of Opa Locka
Job Index,Easy Apply Job Link,Job Name,Company
1,https://indeed.com/viewjob?jk=78acf702bdf77c3f,URD Lineman,Utilities One Inc
2,https://indeed.com/viewjob?jk=25656885e809efb0,Building Consultant/Project Foreman (Construction),"YOUNG & Associates, LLC"
3,https://indeed.com/viewjob?jk=87dcf6025b52a983,Lead Painter,The Awning Factory
4,https://indeed.com/viewjob?jk=95d3e6ea104f0160,Laborer,Dade Construction Corp.
5,https://indeed.com/viewjob?jk=a7745a8689388237,MAINTENANCE WORKER,City of Opa Locka
6,https://indeed.com/viewjob?jk=ddd2305682fa39e4,Traveling Concrete Finisher,B&B Concrete
7,https://indeed.com/viewjob?jk=118e209a0bc6645a,UGE Laborer/Groundman,MasTec Services Company Inc
8,https://indeed.com/viewjob?jk=d7ea62538ff7fc5b,Field Supervisor,MasTec Services Company Inc
9,https://indeed.com/viewjob?jk=757dcb5561aa0517,Mechanic,LMK Pipe Renewal - Construction
